{
  "model": "LiquidAI/LFM2.5-1.2B-Instruct",
  "L_star": 12,
  "alpha": 1.0,
  "tau": 0.5,
  "beta": 0.0,
  "domains": [
    "math",
    "code",
    "search",
    "translation"
  ],
  "probe_aucs": {
    "0": 0.5000000000000001,
    "1": 0.5000000000000001,
    "2": 0.87671875,
    "3": 0.8787890625000001,
    "4": 0.8855859375,
    "5": 0.8790625000000001,
    "6": 0.8667578125,
    "7": 0.8673046875,
    "8": 0.8742578125,
    "9": 0.85328125,
    "10": 0.876328125,
    "11": 0.88234375,
    "12": 0.881015625,
    "13": 0.8695703124999999,
    "14": 0.8723437500000001,
    "15": 0.86765625
  },
  "test_baseline": {
    "precision": 0.4958904109589041,
    "recall": 0.565625,
    "f1": 0.5284671532846715,
    "fpr": 0.575,
    "accuracy": 0.4953125,
    "succ_json": 0.0,
    "succ_schema": 0.0,
    "succ_args": 0.0
  },
  "test_asa": {
    "precision": 0.759090909090909,
    "recall": 0.521875,
    "f1": 0.6185185185185185,
    "fpr": 0.165625,
    "accuracy": 0.678125,
    "succ_json": 0.0,
    "succ_schema": 0.0,
    "succ_args": 0.0
  }
}